user_id,duration_minutes,open_type
1,10.732566666666667,auto
1,138.09956666666668,manual
1,18.935216666666665,manual
1,0.012466666666666666,manual
1,120.45313333333333,manual
1,0.21923333333333334,manual
1,27.48196666666667,manual
1,124.95473333333334,manual
1,40.067233333333334,manual
2,0.9770666666666666,auto
2,5.217016666666667,manual
2,0.0111,manual
2,0.017133333333333334,manual
2,0.044616666666666666,manual
2,0.0285,manual
2,0.017983333333333334,manual
3,23.660666666666668,auto
3,71.75081666666667,auto
3,184.56998333333334,auto
3,577.76075,auto
3,0.2927666666666667,auto
3,0.3727,auto
3,0.62335,auto
3,0.20093333333333332,auto
3,0.3844666666666667,auto
3,7.551716666666667,auto
3,1.8009166666666667,auto
3,1.2003833333333334,auto
3,2.3475166666666665,auto
3,8.29375,auto
3,5.024066666666666,auto
3,0.44116666666666665,auto
3,7.681533333333333,auto
3,9.779683333333333,auto
3,90.85428333333333,auto
4,0.6638666666666667,auto
4,106.86981666666667,auto
4,0.65995,auto
4,32.36755,auto
4,23.139683333333334,auto
4,4.6213,auto
4,10.546783333333334,auto
4,24.096916666666665,auto
4,0.22653333333333334,manual
5,102.61168333333333,auto
5,50.0692,manual
5,3.6357833333333334,auto
5,0.007683333333333334,auto
5,46.68208333333333,auto
5,15.563316666666667,auto
5,0.017416666666666667,manual
5,6.9102,auto
5,186.32393333333334,auto
5,21.615566666666666,auto
5,4.72985,auto
5,470.84633333333335,manual
5,2.467033333333333,manual
5,522.7363,auto
5,0.17081666666666667,auto
5,857.3579833333333,auto
6,0.55495,auto
6,32.56158333333333,auto
6,23.85345,auto
6,7.6987,auto
6,6.02885,auto
6,15.424533333333333,auto
6,24.987816666666667,auto
6,5.57635,auto
6,10.338633333333334,manual
6,0.7209833333333333,manual
6,1.7135,manual
6,21.17193333333333,auto
6,6.019083333333334,auto
6,9.421883333333334,auto
6,90.27911666666667,auto
6,7.834983333333334,manual
6,12.49135,auto
6,843.1647666666667,auto
6,4.678616666666667,auto
6,907.0184833333333,auto
6,2.03695,auto
6,0.18403333333333333,manual
6,8.746233333333333,manual
6,210.93391666666668,auto
7,0.09913333333333334,auto
7,1.3537666666666666,auto
7,0.10746666666666667,manual
7,22.879683333333332,auto
7,368.67245,auto
7,1.1099,auto
7,6.3744,auto
7,467.99,auto
7,480.47363333333334,auto
7,172.07885,auto
7,1254.1788666666666,auto
7,192.13415,auto
8,0.232,auto
8,0.67975,auto
8,0.4704833333333333,auto
8,0.7776833333333333,auto
8,3.2157833333333334,auto
8,3.5579833333333335,auto
8,958.1416333333333,auto
8,13.6294,auto
8,2.71895,auto
8,0.5410166666666667,auto
8,14.181066666666666,auto
8,0.3971,auto
8,0.7255666666666667,auto
8,159.93131666666667,auto
8,22.149916666666666,auto
8,0.06146666666666667,manual
8,1.67755,auto
8,16.663466666666668,auto
8,5.089783333333333,manual
8,0.008033333333333333,manual
8,6.7519,manual
8,7.773383333333333,manual
8,102.41491666666667,auto
8,0.0467,manual
8,0.031183333333333334,manual
8,0.019216666666666667,manual
9,8.266166666666667,auto
9,0.5739833333333333,manual
9,0.044116666666666665,manual
9,0.16058333333333333,manual
9,0.11438333333333334,manual
9,0.14245,manual
9,0.052533333333333335,manual
10,0.0784,auto
10,2.6242666666666667,auto
10,1.3333,auto
10,13.580466666666666,auto
10,0.6206,auto
10,10.859466666666666,auto
10,4.842116666666667,manual
10,4.319233333333333,auto
10,12.50915,auto
10,3.7158166666666665,auto
10,1392.411,auto
10,31.974033333333335,auto
10,1.9731666666666667,auto
10,11.370366666666667,auto
10,30.026666666666667,auto
10,1.04465,auto
10,1.8632666666666666,auto
10,1.74855,auto
10,18.60615,auto
10,13.026566666666668,auto
10,72.21606666666666,auto
10,12.108783333333333,auto
10,8.1849,auto
10,5.087583333333333,auto
10,18.16105,auto
10,16.308766666666667,auto
10,3.6202,auto
10,13.737833333333333,auto
10,6.050283333333334,manual
10,0.36085,manual
10,2.65235,auto
10,1.0011333333333334,auto
10,20.3245,auto
10,165.70655,auto
10,0.17218333333333333,manual
10,17.0123,auto
10,1.2131166666666666,auto
10,2.7612,auto
10,2.6271666666666667,auto
10,844.5517666666667,auto
10,2.6242,auto
10,4.124866666666667,auto
10,55.12625,auto
10,10.1986,auto
10,16.40288333333333,auto
10,1.8315666666666666,auto
10,0.07615,auto
10,3.57135,auto
10,0.5017833333333334,auto
10,4.525133333333334,auto
10,1.0405166666666668,auto
10,53.9388,auto
10,42.24035,auto
10,3.4924166666666667,auto
10,0.258,auto
10,0.46353333333333335,auto
10,0.8459666666666666,auto
10,0.8581833333333333,auto
10,2.2421,auto
10,2.193216666666667,auto
10,3.5896,auto
10,0.8490833333333333,auto
10,0.51535,auto
10,0.39735,auto
10,5.3231166666666665,auto
10,3.5151,auto
10,3.1117333333333335,auto
10,0.283,auto
10,0.37135,auto
10,0.55955,auto
10,5.2164166666666665,auto
10,3.6095333333333333,auto
10,2.89495,auto
10,8.464416666666667,auto
10,47.513666666666666,auto
10,0.7871833333333333,auto
10,0.76275,auto
10,0.34458333333333335,auto
10,22.116766666666667,auto
11,8.4561,auto
11,1051.5003333333334,auto
11,0.3873666666666667,auto
11,13.67725,auto
11,46.88803333333333,manual
11,0.04115,manual
12,0.1033,manual
12,0.2998166666666667,manual
12,0.010533333333333334,manual
12,0.012433333333333333,manual
12,8.47035,manual
12,0.23248333333333332,auto
12,11.508083333333333,manual
12,0.28705,manual
12,0.017966666666666666,manual
12,0.12025,manual
12,0.10665,auto
12,0.00615,manual
12,0.35688333333333333,auto
12,33.58048333333333,auto
12,5.454766666666667,auto
12,28.053,auto
12,90.39723333333333,auto
12,0.19055,auto
12,0.017083333333333332,manual
12,24.749766666666666,auto
12,4.48775,auto
12,41.16538333333333,auto
12,0.7758333333333334,auto
12,6.167566666666667,auto
12,1.6126333333333334,auto
12,5.4302,auto
12,0.8314166666666667,auto
12,51.964816666666664,auto
12,27.363533333333333,auto
12,158.28821666666667,manual
12,0.14521666666666666,auto
12,0.19475,auto
12,0.27535,auto
12,0.5563,manual
12,3.990283333333333,auto
12,1.2843333333333333,auto
12,26.63245,auto
12,1.4467333333333334,auto
12,8.753333333333334,auto
12,59.32855,auto
12,2.879016666666667,auto
12,25.349983333333334,manual
12,316.10125,auto
12,3.5328666666666666,auto
12,24.85171666666667,auto
12,58.083816666666664,auto
12,2.3673,manual
12,2.1070333333333333,auto
12,10.870633333333334,manual
12,272.2932333333333,auto
12,0.6639,auto
12,0.06595,auto
12,0.009933333333333334,manual
12,0.86525,auto
12,0.0025666666666666667,auto
12,1.4090666666666667,manual
12,2.3375666666666666,auto
12,0.7162,auto
12,29.268116666666668,auto
12,563.05875,auto
12,34.10073333333333,manual
12,14.693616666666667,auto
12,27.420033333333333,auto
12,0.09475,auto
12,424.19463333333334,auto
12,974.0488166666667,auto
12,124.4398,auto
12,0.014133333333333333,manual
12,5.0915,auto
12,67.31406666666666,auto
12,0.4492333333333333,auto
12,0.24916666666666668,manual
12,0.2574,manual
12,0.49296666666666666,manual
12,4.3637,manual
12,0.012333333333333333,manual
12,228.33463333333333,manual
12,235.01648333333333,manual
13,0.15968333333333334,auto
14,0.0899,auto
14,0.8192833333333334,manual
14,0.015466666666666667,manual
14,1.8132833333333334,manual
14,0.6839666666666666,manual
14,0.9315,auto
14,1.9102833333333333,manual
14,1.9503166666666667,auto
14,0.027866666666666668,manual
14,1003.2332666666666,auto
14,56.89385,auto
14,2.1995833333333334,auto
14,0.9452,auto
14,0.034,manual
14,0.63265,manual
14,0.029066666666666668,manual
14,0.026283333333333332,manual
14,0.010066666666666666,manual
14,0.04476666666666667,manual
14,0.0069,manual
14,17.89015,auto
14,0.08348333333333334,auto
14,3.5175666666666667,auto
14,33.279383333333335,auto
14,0.018966666666666666,manual
14,10.85325,auto
15,0.14093333333333333,auto
15,0.7688833333333334,manual
15,0.16521666666666668,auto
15,14.60235,auto
15,14.657633333333333,auto
15,14.277533333333333,auto
15,0.04165,auto
15,0.23538333333333333,auto
15,3.0479666666666665,manual
15,36.623066666666666,auto
15,16.36015,auto
15,221.60245,auto
15,12.285316666666667,auto
15,1.39375,auto
15,6.894816666666666,auto
15,2.3092,auto
15,15.542783333333333,auto
15,0.84795,auto
15,2.54385,auto
15,7.4930666666666665,auto
15,4.7003,auto
15,1.7451,auto
15,0.034883333333333336,auto
15,10.715866666666667,auto
15,1.41735,auto
15,1.37935,auto
15,0.4816,auto
15,0.06413333333333333,auto
15,0.06361666666666667,auto
15,4.205916666666667,auto
15,0.0464,manual
15,0.41936666666666667,auto
15,0.4878,auto
15,0.37095,auto
15,0.17996666666666666,auto
15,2.521316666666667,auto
15,0.1635,auto
15,0.9595666666666667,auto
15,1.2699333333333334,auto
15,1.5570166666666667,auto
15,1.1175166666666667,auto
15,0.27505,auto
15,0.12488333333333333,auto
15,1.8961333333333332,auto
15,0.12941666666666668,auto
15,0.1753,auto
15,0.08201666666666667,auto
15,0.7720833333333333,auto
15,0.27018333333333333,auto
15,0.11625,auto
15,0.09665,auto
15,1.9617166666666668,auto
15,0.6694666666666667,auto
15,0.6883333333333334,auto
15,26.674016666666667,auto
15,0.20181666666666667,auto
15,37.81871666666667,auto
15,0.48168333333333335,auto
15,1.0474833333333333,auto
15,2.0113666666666665,auto
15,2.2403333333333335,auto
15,2.1319166666666667,auto
15,19.699366666666666,auto
15,10.011233333333333,auto
15,5.749716666666667,auto
15,72.4825,auto
15,17.786016666666665,auto
15,3.7017,auto
15,5.702416666666666,auto
15,48.03848333333333,auto
15,16.194766666666666,auto
15,17.208933333333334,auto
15,4.33645,auto
15,0.9889333333333333,auto
15,1.1109166666666668,auto
15,0.3362833333333333,auto
15,2.7096,auto
15,2.0535833333333335,auto
15,0.1069,manual
15,0.16108333333333333,auto
15,5.4028,auto
15,2.01475,auto
15,16.42405,auto
15,2.381466666666667,auto
15,14.199966666666667,auto
15,2.777833333333333,auto
15,26.5985,auto
15,6.819116666666667,auto
15,0.6108833333333333,auto
15,9.948383333333334,auto
15,3.2218,auto
15,13.184166666666666,auto
15,22.836983333333333,auto
15,199.59586666666667,auto
16,1.07245,manual
16,22.1322,auto
16,0.7096166666666667,manual
16,31.764016666666667,manual
16,0.06171666666666667,manual
16,1.5841166666666666,manual
16,0.0624,manual
16,70.45018333333333,auto
16,24.19255,auto
17,0.91705,auto
17,0.0774,manual
17,43.51793333333333,manual
17,3.4235,auto
17,0.0694,manual
17,0.17876666666666666,manual
17,3.086333333333333,auto
17,1.7914666666666668,auto
17,2.32695,auto
17,0.09486666666666667,auto
17,0.38665,auto
17,3.1616833333333334,manual
17,0.10231666666666667,auto
17,4.0643,manual
17,0.04711666666666667,auto
17,31.85856666666667,auto
17,1.9323333333333332,auto
17,0.12708333333333333,auto
17,9.032983333333334,auto
17,0.14633333333333334,auto
17,0.09458333333333334,auto
17,0.0398,auto
17,2.59645,auto
17,0.45321666666666666,auto
17,1.4131833333333332,auto
17,2.211316666666667,auto
17,0.3276,auto
17,0.54225,auto
17,0.3375,auto
17,50.124916666666664,auto
17,3.7319166666666668,auto
17,0.22781666666666667,auto
17,1.0038,auto
17,2.9155333333333333,auto
17,36.26206666666667,auto
17,0.6730666666666667,auto
17,44.618116666666666,auto
17,11.572733333333334,auto
17,0.12351666666666666,manual
17,0.2358,manual
18,42.421933333333335,auto
18,40.38418333333333,manual
18,0.3717666666666667,auto
19,48.41445,auto
19,30.723466666666667,auto
19,20.56445,auto
19,3.2309666666666668,auto
19,22.955983333333332,auto
19,1.7817833333333333,auto
19,50.99836666666667,auto
19,90.76238333333333,auto
19,0.019816666666666666,manual
19,16.712883333333334,manual
19,10.6716,auto
19,8.40575,auto
19,1.2194,auto
19,1244.8186666666666,auto
19,55.87371666666667,auto
19,22.579716666666666,auto
19,33.813766666666666,auto
19,15.156466666666667,auto
19,1054.3978166666666,auto
19,5.8737,auto
19,6.9114,auto
19,4.787616666666667,auto
19,24.4229,auto
19,5.558783333333333,auto
19,3.1180666666666665,auto
19,1212.08855,auto
19,5.674816666666667,auto
19,0.6536666666666666,auto
20,4.316016666666667,manual
20,0.836,manual
20,23.28535,manual
20,24.493683333333333,manual
21,27.935983333333333,auto
21,0.018966666666666666,manual
21,0.027516666666666665,manual
21,0.25753333333333334,manual
21,24.87095,manual
21,0.11605,manual
21,1.6530833333333332,manual
21,0.13945,manual
21,0.15276666666666666,manual
22,0.22095,manual
22,1.5941333333333334,manual
22,0.014916666666666667,manual
22,2.1864833333333333,manual
22,0.84365,auto
22,70.0205,auto
22,0.12615,manual
22,0.1965,manual
22,0.0519,manual
22,0.15178333333333333,manual
22,6.9156,auto
22,1.0870833333333334,auto
22,19.318566666666666,auto
22,0.0935,manual
22,2.1416333333333335,auto
22,1.1588333333333334,auto
22,2.7119333333333335,auto
22,3.61265,auto
22,3.0735,auto
22,0.5316833333333333,auto
22,19.986883333333335,auto
22,0.4711,auto
22,1.0406333333333333,auto
22,1.68525,auto
22,1.0590166666666667,auto
22,22.071866666666665,auto
22,0.33171666666666666,auto
22,1.0159166666666666,auto
22,2.7136,auto
22,2.1439166666666667,auto
22,2.3959333333333332,auto
22,5.16775,auto
22,1.07795,auto
22,2.1702166666666667,auto
22,2.4587,auto
22,2.5338666666666665,auto
22,0.020383333333333333,manual
22,2.34925,auto
22,2.6094833333333334,auto
22,0.31325,auto
22,6.3997166666666665,manual
22,2.8979166666666667,auto
22,0.008683333333333333,manual
22,4.18125,auto
22,15.379966666666666,auto
22,10.776483333333333,auto
22,2.2199,auto
22,1.8719833333333333,auto
22,7.1025833333333335,auto
22,6.681866666666667,auto
22,44.57975,manual
22,17.2898,auto
22,0.05848333333333333,auto
22,55.64993333333334,auto
22,0.21555,auto
22,35.90985,auto
22,1.2042,auto
22,0.09198333333333333,auto
22,0.42846666666666666,auto
22,0.024,manual
23,0.13491666666666666,manual
23,0.004883333333333333,manual
23,1.2982333333333334,manual
23,0.008483333333333334,manual
23,0.027766666666666665,manual
24,19.622083333333332,auto
24,1.18825,manual
24,12.410133333333333,auto
24,6.1041,auto
24,102.82578333333333,auto
24,229.1169,auto
24,51.970533333333336,auto
24,139.19691666666668,auto
24,88.59653333333333,auto
24,0.24971666666666667,manual
24,0.06075,manual
24,125.2452,auto
24,70.28313333333334,auto
24,23.988033333333334,auto
24,97.54893333333334,auto
24,269.42025,auto
24,43.11011666666667,auto
24,3.761066666666667,auto
24,7.7977,auto
24,38.06285,auto
24,650.5027166666666,auto
24,558.7690333333334,auto
25,0.5458166666666666,auto
25,0.024383333333333333,manual
25,0.12165,manual
25,1.1752333333333334,manual
25,0.8586666666666667,manual
25,11.643533333333334,manual
25,2.4154,manual
25,9.86195,auto
25,19.707583333333332,manual
25,4.225266666666666,auto
25,1.2957666666666667,auto
25,4.178283333333333,auto
25,11.1068,auto
25,4.518383333333333,auto
25,1.7820833333333332,auto
25,21.932316666666665,manual
25,16.582066666666666,manual
25,7.511566666666667,manual
25,9.3194,auto
25,1.67375,auto
25,962.3854,auto
25,36.85118333333333,auto
25,10.916833333333333,auto
25,78.63663333333334,manual
25,4.934033333333334,auto
25,0.9863666666666666,auto
25,3.2646333333333333,auto
25,25.302716666666665,auto
25,6.8441,auto
25,102.54321666666667,manual
25,5.458983333333333,auto
25,34.16271666666667,manual
25,0.61955,auto
25,6.244183333333333,manual
25,1.5027833333333334,auto
25,1136.62095,auto
25,49.75946666666667,manual
25,526.5474666666667,auto
25,256.0525333333333,auto
25,0.6820333333333334,auto
25,3.1409,auto
25,0.24521666666666667,manual
25,13.520233333333334,auto
25,179.84306666666666,auto
25,2.2450666666666668,auto
25,2.2664166666666667,auto
25,0.4361,auto
25,11.2997,auto
25,15.746983333333333,auto
25,5.632133333333333,auto
25,1.9019833333333334,auto
25,4.593533333333333,manual
25,441.20955,auto
25,989.3751833333333,auto
25,729.4876666666667,auto
25,4.082133333333333,manual
25,89.46565,manual
25,5.9622,manual
25,9.718666666666667,manual
25,50.647733333333335,auto
25,0.10638333333333333,manual
25,263.90048333333334,manual
25,1.0199833333333332,auto
25,3.9244166666666667,auto
25,493.9949833333333,manual
25,474.67631666666665,manual
26,0.07846666666666667,auto
26,7.1129,auto
26,1.4297333333333333,auto
26,2.8207166666666668,auto
26,0.13571666666666668,auto
26,10.073066666666668,auto
26,0.2683833333333333,manual
26,0.9288166666666666,manual
26,22.361083333333333,auto
26,0.9633666666666667,manual
26,0.08675,manual
26,560.2569,auto
26,3.63395,auto
26,4.9316,auto
26,0.65415,auto
26,1.3323,auto
26,2.6772,manual
26,139.16306666666668,auto
26,0.21865,manual
26,0.03795,auto
26,0.024433333333333335,manual
27,0.10005,auto
27,0.010766666666666667,manual
27,0.024133333333333333,manual
27,0.016883333333333334,manual
27,0.0166,manual
27,0.030016666666666667,manual
27,0.11711666666666666,auto
27,0.96165,manual
27,0.27335,auto
27,0.7938,auto
27,1.1504666666666667,auto
27,2.71875,auto
27,0.045083333333333336,manual
27,0.03571666666666667,manual
27,1.8191166666666667,auto
27,1.2025333333333332,auto
27,1.91985,auto
27,1.3688333333333333,auto
27,1.8825833333333333,auto
27,0.247,auto
27,0.1914,manual
27,0.3497,auto
27,0.8315166666666667,auto
27,0.30338333333333334,auto
27,0.4674833333333333,auto
27,1.0550166666666667,auto
27,0.11721666666666666,auto
27,0.2992,auto
28,4.784033333333333,auto
28,471.2244166666667,auto
28,0.018666666666666668,manual
28,0.34491666666666665,manual
28,0.07715,manual
28,0.246,manual
28,0.13513333333333333,manual
28,1.0464833333333334,manual
28,0.0659,manual
28,0.09036666666666666,auto
28,2.8830833333333334,auto
28,8.5625,auto
28,0.6279333333333333,auto
28,1.6788666666666667,auto
28,0.18243333333333334,auto
28,5.007833333333333,manual
28,9.789166666666667,auto
28,1406.5643833333334,auto
28,0.5586,manual
28,4.704283333333334,manual
28,0.036333333333333336,auto
28,1202.2734833333334,auto
28,3.3554833333333334,auto
28,5.49525,auto
28,0.06016666666666667,manual
28,0.048683333333333335,manual
28,0.021616666666666666,manual
28,0.30588333333333334,auto
28,2.6600166666666665,auto
28,183.65271666666666,manual
28,31.034583333333334,auto
28,0.14196666666666666,auto
28,25.586366666666667,auto
28,6.350983333333334,manual
28,99.99401666666667,auto
28,150.22833333333332,auto
28,0.18116666666666667,manual
28,0.00735,manual
28,361.03571666666664,auto
28,0.07486666666666666,manual
28,11.899683333333334,auto
28,13.0667,auto
28,12.961783333333333,auto
28,0.0923,manual
28,1.8049833333333334,auto
28,0.06238333333333333,auto
28,1.3241833333333333,auto
28,0.30625,manual
28,0.20473333333333332,manual
28,0.4218,manual
28,0.6272,auto
28,3.0970833333333334,auto
28,7.40055,auto
28,5.293333333333333,auto
28,0.010716666666666666,manual
28,0.014816666666666667,manual
28,9.538966666666667,manual
28,15.306733333333334,auto
28,0.10303333333333334,manual
29,0.15241666666666667,auto
29,0.03275,manual
29,1.52195,auto
29,5.268366666666667,manual
29,4.377766666666667,manual
29,1.8975333333333333,auto
29,1.2887,auto
29,0.017616666666666666,manual
29,2.01475,auto
29,0.05316666666666667,manual
29,4.5871,auto
29,0.04955,auto
29,2.3869333333333334,auto
29,0.12873333333333334,manual
29,0.14518333333333333,manual
29,0.10533333333333333,manual
29,1.0605666666666667,manual
30,1.8798666666666666,auto
30,0.0963,manual
30,0.11891666666666667,manual
30,0.016266666666666665,manual
30,0.007033333333333333,manual
30,0.16111666666666666,manual
30,0.5873666666666667,manual
30,0.027033333333333333,manual
30,0.8538,auto
30,0.79775,auto
30,0.3287333333333333,manual
30,9.93095,auto
30,0.0104,manual
30,0.0041,manual
30,0.035133333333333336,manual
30,0.004083333333333333,manual
30,0.010816666666666667,manual
31,1.7458333333333333,auto
31,3.2862833333333334,auto
31,0.14985,auto
31,32.301233333333336,auto
32,2.7811833333333333,auto
32,0.12428333333333333,manual
32,2.3621666666666665,manual
32,0.019566666666666666,manual
32,22.11715,manual
33,3.6338,auto
33,8.203716666666667,manual
33,87.453,auto
33,2.4023666666666665,manual
33,0.4267,manual
33,0.14396666666666666,manual
33,0.03306666666666667,manual
33,0.7622666666666666,manual
33,1.2907333333333333,manual
34,17.025166666666667,auto
34,1.1197166666666667,manual
34,0.5843666666666667,manual
34,7.473516666666667,manual
34,6.985983333333333,manual
34,4.1585,manual
34,18.2902,auto
34,2.34625,auto
34,8.574633333333333,auto
34,0.7923166666666667,auto
34,3.65425,auto
34,13.840183333333334,auto
34,0.13803333333333334,manual
34,110.1232,manual
34,136.36925,auto
34,1.2504,auto
34,0.028883333333333334,manual
35,1.2291,manual
35,0.2405,auto
35,2.5054666666666665,manual
35,0.04136666666666667,manual
35,0.42695,manual
35,0.14665,manual
35,0.010816666666666667,manual
35,1.8930666666666667,manual
35,0.027483333333333332,manual
35,0.09105,manual
36,0.14858333333333335,auto
36,5.508983333333333,manual
36,0.4391833333333333,manual
36,0.16765,manual
36,0.7174666666666667,manual
36,0.041166666666666664,manual
36,0.9237333333333333,manual
36,0.9886166666666667,manual
36,1.86725,manual
36,0.06768333333333333,manual
36,0.0154,manual
36,0.0708,manual
37,0.9183166666666667,manual
37,0.11421666666666666,manual
37,0.1458,manual
37,5.09745,manual
37,1.4868166666666667,manual
37,17.490183333333334,auto
37,2.36415,manual
37,14.102,manual
37,0.015833333333333335,manual
37,0.13321666666666668,manual
37,0.24145,manual
37,10.430616666666667,manual
37,10.413266666666667,auto
37,6.769683333333333,auto
37,16.10775,manual
37,2.0611,auto
37,2.4265666666666665,auto
37,5.757333333333333,auto
37,4.6876,auto
37,0.0624,auto
37,85.52328333333334,auto
37,0.019766666666666665,manual
37,0.03626666666666667,manual
37,57.2035,auto
37,4.699233333333333,manual
37,24.838666666666665,auto
37,2.0675333333333334,manual
37,77.43178333333333,manual
37,3.565533333333333,manual
38,0.056666666666666664,manual
38,2.2167833333333333,manual
38,0.61,manual
38,0.11825,auto
38,0.017583333333333333,manual
39,0.1557,auto
39,0.2708833333333333,manual
39,0.16291666666666665,manual
39,0.21795,manual
39,1.8278166666666666,manual
39,0.8793333333333333,manual
39,0.6547333333333333,manual
39,0.10155,manual
39,0.12433333333333334,manual
39,0.33945,manual
39,0.7294,manual
39,1.5587,manual
40,0.7988833333333333,manual
40,0.9145,manual
40,0.19868333333333332,manual
40,108.33523333333333,auto
40,37.54046666666667,auto
41,2.1862166666666667,auto
41,3.0237,manual
41,0.6313,manual
41,5.799533333333334,manual
41,19.895783333333334,auto
41,0.10858333333333334,manual
41,31.5162,auto
41,1.5011666666666668,auto
42,0.13996666666666666,auto
42,1.4404166666666667,auto
42,0.4602833333333333,auto
42,0.07723333333333333,auto
42,5.058466666666667,auto
42,0.17961666666666667,auto
42,1.3109,manual
42,3.4703833333333334,manual
42,1.2458833333333332,manual
42,0.8455333333333334,auto
42,2.262783333333333,manual
42,0.0228,manual
42,0.0236,manual
42,0.27708333333333335,manual
42,0.11075,manual
42,0.41846666666666665,manual
42,0.22886666666666666,manual
43,0.35513333333333336,auto
43,0.04475,manual
43,3.096433333333333,auto
43,2.6036,auto
43,4.0522833333333335,auto
43,12.635416666666666,auto
43,0.0969,auto
43,0.13561666666666666,auto
43,0.11078333333333333,auto
43,3.36525,auto
43,4.067266666666667,auto
43,1.0217666666666667,auto
43,11.1991,auto
43,0.24658333333333332,auto
43,0.08121666666666667,auto
43,0.45575,auto
43,1.2279333333333333,manual
43,0.5104166666666666,auto
43,1.15465,auto
43,0.7036333333333333,manual
43,3.1277666666666666,auto
43,0.07485,auto
43,1.33475,auto
43,1.06475,auto
43,0.30701666666666666,auto
43,0.36685,auto
43,0.25601666666666667,auto
43,29.67915,auto
43,4.9402333333333335,auto
43,5.6334333333333335,auto
43,3.063483333333333,auto
43,63.96301666666667,auto
43,19.909633333333332,auto
43,10.565966666666666,auto
43,15.590333333333334,auto
43,0.10131666666666667,auto
43,6.733733333333333,auto
43,11.998316666666666,auto
43,0.5273333333333333,auto
43,0.37088333333333334,auto
43,1.27485,auto
43,1.4070333333333334,auto
43,1.2558333333333334,manual
43,0.17613333333333334,auto
43,8.492916666666666,manual
43,0.7618166666666667,auto
43,1.8784666666666667,auto
43,0.20253333333333334,auto
43,1.4523166666666667,auto
43,0.025466666666666665,manual
43,2.8477833333333336,manual
44,0.012283333333333334,manual
44,0.05006666666666667,manual
45,1.43205,auto
45,5.792583333333333,manual
45,5.582433333333333,auto
45,2.55495,auto
45,0.24531666666666666,auto
45,0.6839166666666666,manual
45,0.04816666666666667,auto
45,2.6694,manual
45,11.072916666666666,manual
45,2.2536,manual
45,0.051583333333333335,auto
45,0.79255,manual
45,0.04675,auto
45,0.2465,manual
45,2.3254,manual
45,0.07111666666666666,manual
45,67.44031666666666,manual
45,0.04541666666666667,auto
45,0.4365833333333333,manual
45,0.2037,auto
45,0.41385,auto
45,0.03501666666666667,auto
45,0.0432,auto
45,0.040483333333333336,auto
45,0.05391666666666667,auto
45,0.06688333333333334,auto
45,0.046516666666666664,auto
45,203.16773333333333,manual
46,0.13361666666666666,auto
46,1.2151833333333333,auto
46,5.65,auto
46,1.8112833333333334,auto
46,0.33853333333333335,auto
46,3.6603166666666667,auto
46,0.75405,manual
46,2.199333333333333,auto
46,0.24731666666666666,auto
46,1.0426333333333333,auto
46,3.07435,auto
47,0.43505,manual
47,0.0215,manual
47,8.115433333333334,manual
48,0.24226666666666666,auto
48,0.1058,manual
49,6.601833333333333,auto
49,0.20103333333333334,manual
49,0.06566666666666666,manual
49,0.21311666666666668,auto
49,0.11655,auto
49,0.13026666666666667,auto
50,21.417,manual
51,3.5344333333333333,auto
51,0.18506666666666666,auto
51,0.1767,auto
51,0.10043333333333333,auto
51,71.64953333333334,auto
51,0.9994,auto
52,0.029933333333333333,manual
52,0.07295,manual
53,13.74235,auto
53,233.38351666666668,auto
53,55.6857,auto
53,0.5914666666666667,auto
53,19.759116666666667,auto
53,4.219716666666667,auto
53,232.41755,auto
53,0.00805,manual
53,29.094516666666667,auto
53,0.01585,manual
53,38.41028333333333,auto
53,62.8477,auto
53,19.28035,auto
53,730.6608,auto
53,48.353766666666665,auto
53,113.26231666666666,auto
53,66.79336666666667,auto
53,114.80795,auto
53,0.1723,auto
53,9.52925,manual
53,53.22566666666667,auto
53,0.7166166666666667,auto
54,0.4915333333333333,auto
54,0.035666666666666666,manual
55,12.384316666666667,auto
55,0.4882666666666667,manual
55,0.2738833333333333,manual
55,1.2499,manual
55,1.4356833333333334,manual
55,0.23213333333333333,manual
55,21.971066666666665,manual
56,39.95793333333334,auto
57,0.3728166666666667,auto
57,4.876383333333333,auto
57,0.31938333333333335,auto
57,6.082466666666667,manual
57,0.6726333333333333,auto
57,0.20093333333333332,manual
57,0.0789,manual
58,0.25196666666666667,auto
58,0.9828166666666667,manual
58,0.13785,manual
58,0.8475833333333334,manual
58,0.0109,manual
58,0.0091,manual
59,216.66076666666666,auto
59,0.011733333333333333,manual
59,0.016416666666666666,manual
59,0.07763333333333333,manual
59,2.77635,manual
60,0.5347833333333334,manual
61,14.0082,auto
61,0.10683333333333334,manual
62,0.013016666666666666,manual
62,2.2559,manual
62,0.027116666666666667,manual
62,0.8485333333333334,manual
62,0.0175,manual
62,0.019583333333333335,manual
63,3.873,auto
63,0.1538,manual
63,0.00865,manual
63,0.68145,manual
63,0.038983333333333335,manual
63,0.029666666666666668,manual
63,0.02275,manual
63,4.573016666666667,manual
63,17.097216666666668,manual
63,2.2255166666666666,manual
63,0.01955,manual
63,0.8444833333333334,auto
63,1.7611666666666668,auto
63,6.782016666666666,auto
63,53.828316666666666,auto
63,0.037983333333333334,manual
63,0.015033333333333333,manual
63,0.01365,manual
63,0.24325,manual
63,0.03713333333333333,manual
63,0.04131666666666667,manual
63,0.028633333333333334,manual
63,0.015533333333333333,manual
64,15.678,manual
64,4.44125,auto
64,28.0579,auto
64,0.5701166666666667,manual
64,878.7567333333334,manual
64,0.4679,auto
64,43.117983333333335,auto
64,1.1686166666666666,manual
64,2.8208333333333333,manual
64,1.4823,manual
64,231.95328333333333,manual
64,0.013633333333333334,manual
64,0.11916666666666667,manual
64,13.724266666666667,manual
64,2.7226,manual
64,0.29338333333333333,manual
64,9.6875,manual
64,6.872516666666667,manual
65,13.3968,auto
65,0.12378333333333333,manual
65,0.82065,manual
65,65.36928333333333,manual
65,0.08006666666666666,manual
65,0.0268,manual
66,0.39786666666666665,auto
66,0.024066666666666667,manual
66,0.008233333333333334,manual
67,0.2698833333333333,auto
67,0.09793333333333333,manual
67,0.022816666666666666,manual
67,0.0224,auto
67,0.0511,auto
67,0.081,manual
67,0.04853333333333333,manual
68,0.060983333333333334,auto
69,3.9021833333333333,auto
69,0.14768333333333333,manual
69,0.18171666666666667,manual
70,0.023333333333333334,manual
70,0.0036333333333333335,manual
70,0.07448333333333333,manual
70,0.01325,manual
70,1.5684166666666666,manual
70,0.0187,manual
71,0.09635,auto
71,0.1275,manual
71,0.21188333333333334,manual
72,0.03231666666666667,manual
72,0.12621666666666667,manual
72,0.6146166666666667,auto
72,2.8848666666666665,auto
72,24.728666666666665,auto
72,25.474783333333335,auto
72,2.14695,auto
72,14.384816666666667,auto
72,4.431483333333333,auto
72,236.79231666666666,auto
72,24.9983,auto
72,5.38475,auto
72,0.4797166666666667,auto
72,410.17556666666667,auto
73,202.58461666666668,auto
73,1274.8826833333333,auto
73,37.53673333333333,auto
73,0.4464,auto
73,1115.1073833333332,auto
73,40.94675,auto
74,11.842883333333333,auto
74,202.83358333333334,auto
74,0.022483333333333334,manual
75,4.0686,manual
75,0.028616666666666665,manual
75,32.79898333333333,auto
75,1004.7,auto
75,47.528533333333336,auto
75,86.43673333333334,auto
75,0.36086666666666667,auto
75,0.9922166666666666,auto
75,91.09543333333333,auto
75,0.11283333333333333,auto
75,4.9119,auto
75,4.125516666666667,auto
75,160.78851666666668,auto
76,8.06415,auto
76,0.6062833333333333,manual
76,0.2907,manual
77,1.3928,auto
77,0.26113333333333333,auto
77,175.53996666666666,auto
77,0.19433333333333333,auto
77,2.024016666666667,auto
77,14.849383333333334,auto
78,0.42111666666666664,auto
78,0.00855,manual
78,0.6525,manual
79,4.0149333333333335,auto
79,6.62625,manual
79,0.4722,manual
79,3.0404,manual
79,0.11245,manual
80,0.13141666666666665,auto
80,0.017116666666666665,manual
80,0.016466666666666668,manual
81,2.86345,manual
81,0.048383333333333334,manual
81,1.1314166666666667,manual
82,0.29565,manual
82,0.7480333333333333,manual
82,0.020133333333333333,manual
82,0.06816666666666667,manual
82,0.6052666666666666,manual
82,14.000433333333334,manual
82,0.023716666666666667,manual
83,0.3955666666666667,auto
84,0.0566,auto
84,0.049433333333333336,manual
85,0.09486666666666667,manual
85,30.267283333333335,auto
85,31.58888333333333,auto
85,5.5554,auto
86,2.0804666666666667,auto
86,0.8398166666666667,auto
86,0.11741666666666667,manual
86,12.399583333333334,auto
86,0.14583333333333334,manual
86,0.028566666666666667,manual
86,236.95118333333335,auto
86,7.516683333333333,auto
86,787.91835,auto
86,373.27776666666665,auto
86,45.81815,auto
86,682.7403,auto
86,39.279266666666665,auto
86,263.15695,auto
86,170.47566666666665,auto
86,628.5686666666667,manual
86,0.03145,manual
86,0.011716666666666667,manual
86,36.7403,auto
86,0.15843333333333334,auto
86,11.80755,auto
87,0.0544,auto
87,0.24166666666666667,auto
87,2.6184333333333334,auto
87,6.079183333333333,auto
87,7.299816666666667,auto
87,0.05343333333333333,manual
87,0.009216666666666666,manual
88,0.10061666666666666,manual
89,0.5838166666666667,auto
89,0.5754666666666667,auto
89,3.0021666666666667,manual
89,0.51745,auto
89,0.17793333333333333,auto
89,0.28996666666666665,auto
89,0.171,auto
89,0.3284666666666667,auto
89,13.2488,auto
89,2.3269166666666665,auto
89,4.52685,auto
89,0.08793333333333334,auto
89,55.3684,auto
89,0.37453333333333333,auto
89,0.6162166666666666,auto
89,0.28415,auto
89,1.1203833333333333,auto
89,1.7759833333333332,auto
89,0.6073333333333333,auto
89,0.5147166666666667,auto
89,0.5223833333333333,auto
89,2.3392333333333335,auto
89,4.192316666666667,auto
89,6.6219166666666665,auto
89,0.5566666666666666,auto
89,2.6585,auto
89,1.3441666666666667,auto
89,0.97635,auto
89,3.7079,auto
89,2.1056,auto
89,6.69415,auto
89,9.296583333333333,auto
89,450.28495,auto
89,0.18143333333333334,auto
89,0.7511166666666667,auto
90,1.683,auto
90,0.03,manual
90,0.21771666666666667,auto
90,8.94205,manual
90,9.713616666666667,manual
91,27.713116666666668,auto
91,2.9379833333333334,auto
91,65.16491666666667,manual
91,0.00735,manual
91,2.3079,manual
91,22.861633333333334,auto
91,274.6693333333333,auto
91,970.40265,manual
92,4.275433333333333,manual
93,2.4631333333333334,auto
94,56.922716666666666,auto
94,0.12855,manual
94,0.13376666666666667,manual
94,1.6685166666666666,manual
95,0.07391666666666667,auto
95,10.725333333333333,manual
95,0.21538333333333334,manual
95,5.101166666666667,manual
95,373.9201,auto
96,68.94608333333333,auto
96,155.40576666666666,auto
96,2.4309666666666665,auto
96,0.021916666666666668,manual
96,47.82236666666667,manual
96,0.64385,auto
96,0.2667833333333333,manual
97,0.04248333333333333,manual
98,26.528233333333333,auto
99,0.1676,auto
99,0.14215,auto
99,2.244466666666667,auto
99,0.06648333333333334,auto
100,1.59905,auto
101,0.3258666666666667,auto
101,0.18343333333333334,manual
101,6.252366666666667,auto
101,10.044133333333333,auto
102,4.665016666666666,auto
102,0.3166,auto
102,2.71145,auto
102,0.5875166666666667,auto
102,1.0736,auto
102,10.550733333333334,auto
103,0.15735,manual
104,18.637033333333335,auto
104,0.008433333333333333,manual
105,0.8786333333333334,auto
105,0.5989,auto
105,0.16245,auto
105,4.46625,auto
105,234.88853333333333,auto
105,1336.99165,auto
105,164.11311666666666,auto
105,29.25075,auto
105,0.7636166666666667,auto
105,0.8042833333333334,auto
105,38.91823333333333,manual
105,162.02236666666667,auto
105,32.33898333333333,auto
105,15.518283333333333,auto
105,0.2668,auto
105,0.7736,auto
105,1.7797,auto
105,0.014983333333333333,manual
105,0.76865,auto
106,21.216466666666665,auto
107,26.062833333333334,auto
109,0.1195,auto
109,0.022333333333333334,manual
109,0.026633333333333332,manual
109,0.01055,manual
109,0.01535,manual
110,0.8879333333333334,auto
110,0.036316666666666664,manual
110,0.6815,manual
110,22.8489,manual
110,0.0176,manual
110,1.46085,manual
110,0.03305,manual
111,0.07356666666666667,auto
112,0.04468333333333333,manual
112,0.6432166666666667,manual
113,0.28525,auto
114,0.10106666666666667,auto
114,0.14886666666666667,manual
114,0.153,manual
114,0.011883333333333333,manual
115,0.016216666666666667,manual
115,13.19965,auto
116,1408.6296,auto
117,0.03015,manual
117,0.6441833333333333,manual
118,1.03,auto
118,0.51485,manual
119,65.17785,auto
120,1.5466833333333334,auto
120,0.24848333333333333,manual
121,0.07935,auto
121,0.056666666666666664,manual
121,0.16563333333333333,manual
121,0.8513833333333334,manual
122,0.11176666666666667,manual
122,0.08385,manual
123,0.011816666666666666,manual
123,0.014716666666666666,manual
123,0.00695,manual
125,7.8246166666666666,auto
125,0.5433333333333333,manual
125,30.498383333333333,manual
125,0.2057,auto
126,6.651633333333334,auto
126,0.23406666666666667,manual
127,26.558183333333332,auto
128,0.8189166666666666,auto
128,2.9731666666666667,manual
128,22.337233333333334,manual
128,0.51345,manual
128,5.5271,manual
128,0.03448333333333333,manual
129,0.09493333333333333,manual
129,0.2949833333333333,auto
129,0.06195,manual
129,0.03755,manual
130,0.16615,auto
130,23.516833333333334,manual
130,33.319266666666664,manual
130,0.05561666666666667,auto
130,0.00865,manual
130,2.614516666666667,manual
130,5.576366666666667,manual
130,12.312583333333333,manual
130,0.0642,manual
131,0.05935,manual
131,0.08078333333333333,manual
131,2.564433333333333,manual
131,5.8110333333333335,manual
132,0.3350166666666667,auto
133,0.21095,auto
133,0.06458333333333334,manual
133,0.025383333333333334,manual
133,0.02735,manual
134,7.2164,auto
134,5.218166666666667,auto
134,0.25106666666666666,auto
134,0.01115,manual
134,0.00695,manual
135,10.7933,auto
135,0.57025,manual
135,0.023366666666666668,manual
135,0.022833333333333334,manual
136,117.02311666666667,auto
136,9.890266666666667,manual
136,4.93695,auto
136,0.049633333333333335,auto
136,0.18563333333333334,manual
137,0.77905,auto
137,0.10476666666666666,manual
137,252.94031666666666,manual
137,19.825583333333334,manual
137,0.6406666666666667,manual
137,0.016466666666666668,manual
137,130.11418333333333,auto
137,0.10265,manual
138,0.057183333333333336,manual
138,0.04055,manual
138,0.22858333333333333,manual
138,0.11516666666666667,manual
139,0.16988333333333333,auto
139,2.6743333333333332,manual
139,0.24598333333333333,manual
140,0.38988333333333336,auto
141,0.15531666666666666,auto
141,0.023433333333333334,manual
141,0.13318333333333332,manual
142,0.04545,manual
142,0.013266666666666666,manual
142,0.020633333333333333,manual
143,3.0648333333333335,auto
143,0.2333,manual
143,1.8239333333333334,manual
143,0.26,manual
143,0.02305,manual
143,0.07461666666666666,manual
144,0.7201833333333333,auto
145,78.87983333333334,auto
146,0.7989,auto
147,0.15325,auto
147,101.84726666666667,auto
148,104.28948333333334,auto
149,84.18801666666667,auto
150,1.0041,auto
151,83.50053333333334,auto
151,5.911866666666667,manual
151,1.7169166666666666,manual
151,5.9305666666666665,auto
152,22.9575,auto
152,0.029116666666666666,manual
153,2.4965333333333333,manual
154,0.06966666666666667,auto
154,0.01935,manual
155,0.05896666666666667,auto
156,0.12695,auto
157,0.15691666666666668,auto
157,0.039233333333333335,manual
158,0.3967333333333333,auto
158,0.5104666666666666,manual
159,13.200266666666666,auto
159,0.8295166666666667,manual
161,27.801433333333332,auto
161,25.5299,auto
162,0.30556666666666665,auto
162,2.1420833333333333,manual
163,0.04855,manual
163,0.014233333333333334,manual
163,0.0325,manual
163,0.19403333333333334,manual
163,0.020133333333333333,manual
164,30.29215,auto
165,1.8296,auto
166,184.60563333333334,auto
166,12.16045,auto
167,0.90925,auto
167,0.20826666666666666,manual
168,2.0281333333333333,auto
169,0.44316666666666665,manual
169,0.01205,manual
170,1.7683,auto
170,1.7604,manual
171,0.39485,auto
172,0.27813333333333334,auto
173,10.695616666666666,auto
174,1.9408,manual
174,0.05,manual
174,0.06268333333333333,manual
175,5.507316666666667,manual
177,7.229416666666666,auto
177,0.06796666666666666,auto
177,0.022083333333333333,manual
178,0.52765,auto
179,1.2118333333333333,auto
179,0.18303333333333333,manual
180,0.38056666666666666,auto
181,0.13573333333333334,auto
182,0.0248,manual
182,0.00025,manual
182,0.12023333333333333,manual
182,1.7516166666666666,auto
182,0.012533333333333334,manual
182,0.009633333333333334,manual
182,0.05288333333333333,manual
182,0.08765,auto
182,28.084483333333335,auto
182,13.471133333333333,auto
182,0.04401666666666667,manual
183,13.854833333333334,auto
184,2.6661,auto
185,5.81075,manual
187,0.4088333333333333,auto
188,0.20898333333333333,auto
188,0.0413,manual
189,0.057433333333333336,auto
189,0.86615,auto
189,0.9182333333333333,auto
189,0.6767166666666666,manual
189,0.22263333333333332,auto
189,0.07283333333333333,auto
189,0.1541,auto
189,1.0492166666666667,auto
189,1.4114833333333334,auto
189,0.40375,auto
189,0.27131666666666665,auto
189,0.03428333333333333,manual
189,0.12913333333333332,manual
189,0.1199,manual
190,1399.5776833333334,auto
190,0.80505,manual
190,6.792783333333333,manual
191,0.073,manual
191,0.03423333333333333,manual
192,0.13478333333333334,auto
192,0.15731666666666666,manual
193,0.07511666666666666,auto
194,0.13261666666666666,auto
195,0.11393333333333333,auto
196,0.5505833333333333,auto
198,2.0958,auto
199,0.38105,manual
200,0.5674166666666667,manual
201,0.13846666666666665,manual
203,0.1659,auto
